words1	words2	freq.w1	freq.w2	obs.w1_2.in_c	exp.w1_2.in_c	relation	delta.p.constr.to.word	delta.p.word.to.constr	coll.strength
старый	мир	346	391	340	52.31	attraction	0.9599	0.8668	Inf
довольный	слон	166	172	148	11.04	attraction	0.8816	0.853	192.0064
необходимый	воздух	84	164	77	5.33	attraction	0.8819	0.4666	91.533
нужный	воздух	79	164	74	5.01	attraction	0.9008	0.4492	89.457
черный	смоль	106	61	58	2.5	attraction	0.546	0.9318	84.1558
белый	снег	99	59	56	2.26	attraction	0.5645	0.9321	83.1678
выжатый	лимон	25	25	25	0.24	attraction	1	1	60.0745
холодный	лед	46	42	34	0.75	attraction	0.736	0.8048	58.8184
острый	бритва	41	25	23	0.4	attraction	0.5602	0.913	42.2585
твердый	камень	74	48	32	1.37	attraction	0.4261	0.6501	40.5075
здоровый	бык	38	30	23	0.44	attraction	0.6025	0.7608	39.5542
чистый	слеза	61	54	31	1.27	attraction	0.4991	0.5622	39.5102
живой	жизнь	18	25	16	0.17	attraction	0.8854	0.6392	32.7692
красный	рак	34	19	17	0.25	attraction	0.4992	0.8881	31.8452
прямой	стрела	33	22	17	0.28	attraction	0.5132	0.7665	29.966
бледный	смерть	46	46	21	0.82	attraction	0.4467	0.4467	26.3403
легкий	перышко	35	15	14	0.2	attraction	0.3996	0.9252	26.2828
прозрачный	слеза	48	54	21	1	attraction	0.4245	0.3782	24.0022
злой	собака	28	17	13	0.18	attraction	0.4627	0.7589	23.6163
трезвый	стеклышко	16	21	12	0.13	attraction	0.7465	0.5699	23.5374
спокойный	удав	26	22	13	0.22	attraction	0.4965	0.5858	21.8614
прозрачный	стекло	48	29	16	0.54	attraction	0.3282	0.5392	21.1432
свободный	птица	21	16	11	0.13	attraction	0.5219	0.6836	20.7486
древний	мир	33	391	29	4.99	attraction	0.737	0.0723	19.8308
черный	уголь	106	13	13	0.53	attraction	0.1226	0.9639	18.355
естественный	дыхание	8	9	7	0.03	attraction	0.8742	0.7774	17.7233
быстрый	молния	24	11	9	0.1	attraction	0.3742	0.8124	17.2956
гладкий	шелк	32	26	12	0.32	attraction	0.3695	0.4537	16.9654
сильный	смерть	29	46	13	0.52	attraction	0.4354	0.2763	15.801
плоский	доска	19	11	8	0.08	attraction	0.4199	0.723	15.5999
тупой	пробка	13	10	7	0.05	attraction	0.5373	0.6977	14.8714
трусливый	заяц	5	6	5	0.01	attraction	0.9996	0.8333	14.2041
голодный	волк	9	9	6	0.03	attraction	0.6655	0.6655	13.7687
легкий	пушинка	35	10	8	0.14	attraction	0.2278	0.7895	13.674
гладкий	зеркало	32	11	8	0.14	attraction	0.2488	0.718	13.4622
мягкий	пух	32	17	9	0.21	attraction	0.2781	0.5205	13.3422
загадочный	ночь	9	23	7	0.08	attraction	0.7716	0.3036	13.2414
черный	ночь	106	23	13	0.94	attraction	0.1186	0.5289	12.4449
быстрый	ветер	24	20	8	0.19	attraction	0.3286	0.3938	11.7528
бледный	полотно	46	12	8	0.21	attraction	0.1723	0.6519	11.6026
твердый	алмаз	74	9	8	0.26	attraction	0.1077	0.8633	11.5684
красный	кровь	34	10	7	0.13	attraction	0.2047	0.6895	11.3845
худой	щепка	12	6	5	0.03	attraction	0.4163	0.8306	11.3064
мягкий	шелк	32	26	9	0.32	attraction	0.2746	0.3372	11.2648
блудливый	кот	4	6	4	0.01	attraction	0.9992	0.6667	11.0932
немой	рыба	4	6	4	0.01	attraction	0.9992	0.6667	11.0932
слепой	крот	6	4	4	0.01	attraction	0.6667	0.9992	11.0932
кроткий	ягненок	5	5	4	0.01	attraction	0.7996	0.7996	10.8715
злой	черт	28	23	8	0.25	attraction	0.2799	0.34	10.553
свободный	ветер	21	20	7	0.16	attraction	0.3283	0.3445	10.2544
вольный	птица	7	16	5	0.04	attraction	0.71	0.3117	10.0229
прямой	палка	33	9	6	0.11	attraction	0.1806	0.6562	9.659
сладкий	мед	16	8	5	0.05	attraction	0.3113	0.6207	9.5984
красный	помидор	34	5	5	0.07	attraction	0.1471	0.9888	9.5378
голубой	небо	5	9	4	0.02	attraction	0.7981	0.4441	9.4706
суетлив	муравейник	3	3	3	0	attraction	1	1	9.4592
живучий	кошка	5	11	4	0.02	attraction	0.7973	0.3632	9.0528
пьяный	свинья	9	6	4	0.02	attraction	0.4437	0.6647	8.9942
рад	слон	11	172	9	0.73	attraction	0.7549	0.0515	8.9908
черный	сажа	106	8	7	0.33	attraction	0.0656	0.8366	8.9073
богатый	крез	4	3	3	0	attraction	0.75	0.9996	8.8572
мрачный	туча	3	4	3	0	attraction	0.9996	0.75	8.8572
красивый	бог	15	11	5	0.06	attraction	0.331	0.4507	8.8485
безжалостный	зверь	3	5	3	0.01	attraction	0.9992	0.6	8.4592
голый	сокол	5	3	3	0.01	attraction	0.6	0.9992	8.4592
тонкий	бумага	26	8	5	0.08	attraction	0.1911	0.6169	8.4249
хрупкий	стекло	8	29	5	0.09	attraction	0.6157	0.1712	8.1696
элегантный	рояль	6	3	3	0.01	attraction	0.5	0.9988	8.1582
надежный	автомат калашникова 	20	5	4	0.04	attraction	0.1996	0.7938	7.8872
подвижный	ртуть	5	4	3	0.01	attraction	0.5996	0.7492	7.8574
ясный	день	5	4	3	0.01	attraction	0.5996	0.7492	7.8574
бодрый	огурчик	4	6	3	0.01	attraction	0.7488	0.4996	7.5565
белый	мел	99	11	7	0.42	attraction	0.0691	0.6006	7.5462
надежный	скала	20	29	6	0.22	attraction	0.291	0.2014	7.3975
глухой	пень	4	7	3	0.01	attraction	0.7485	0.4282	7.3136
твердый	скала	74	29	9	0.83	attraction	0.1137	0.2849	7.3034
острый	нож	41	4	4	0.06	attraction	0.0976	0.9857	7.2638
спокойный	танк	26	13	5	0.13	attraction	0.1892	0.3765	7.0783
твердый	кремень	74	6	5	0.17	attraction	0.0672	0.8066	7.0069
стройный	газель	14	3	3	0.02	attraction	0.2143	0.9957	6.8981
упрямый	осел	10	4	3	0.02	attraction	0.2996	0.7473	6.7789
чистый	стеклышко	61	21	7	0.5	attraction	0.1092	0.3123	6.5896
острый	лезвие	41	5	4	0.08	attraction	0.0972	0.7857	6.5699
плотный	асфальт	2	2	2	0	attraction	1	1	6.5241
прекрасный	как бутон розы сверкающий каплями росы	21	3	3	0.02	attraction	0.1429	0.993	6.3354
светлый	солнце	5	11	3	0.02	attraction	0.5969	0.272	6.2438
твердый	сталь	74	13	6	0.37	attraction	0.0783	0.4351	6.1831
огромный	гора	10	6	3	0.02	attraction	0.2988	0.4973	6.0817
дырявый	решето	3	2	2	0	attraction	0.6667	0.9996	6.0469
пенистый	шампанское	2	3	2	0	attraction	0.9996	0.6667	6.0469
ловкий	ягуар	2	3	2	0	attraction	0.9996	0.6667	6.0469
лысый	коленка	3	2	2	0	attraction	0.6667	0.9996	6.0469
многогранный	бриллиант	3	2	2	0	attraction	0.6667	0.9996	6.0469
тонкий	паутина	26	3	3	0.03	attraction	0.1154	0.9911	6.0443
тонкий	ниточка	26	3	3	0.03	attraction	0.1154	0.9911	6.0443
простой	валенок	57	5	4	0.11	attraction	0.0698	0.7795	5.9809
плоский	блин	19	4	3	0.03	attraction	0.1575	0.7438	5.8729
белый	свет	99	7	5	0.27	attraction	0.0497	0.6778	5.8324
тяжелый	железо	9	8	3	0.03	attraction	0.3314	0.3727	5.7906
душистый	роза	2	4	2	0	attraction	0.9992	0.5	5.7459
горький	полынь	4	2	2	0	attraction	0.5	0.9992	5.7459
хитрый	лиса	4	2	2	0	attraction	0.5	0.9992	5.7459
резкий	понос	3	3	2	0	attraction	0.6663	0.6663	5.5699
здоровый	космонавт	38	3	3	0.04	attraction	0.0789	0.9864	5.5331
зеленый	трава	5	2	2	0	attraction	0.4	0.9988	5.5241
сочный	персик	2	5	2	0	attraction	0.9988	0.4	5.5241
тонкий	спичка	26	4	3	0.04	attraction	0.115	0.7411	5.4451
довольный	удав	166	22	9	1.41	attraction	0.0488	0.3479	5.4436
худой	жердь	12	8	3	0.04	attraction	0.2481	0.3715	5.3743
мокрый	лягуша	6	2	2	0	attraction	0.3333	0.9985	5.348
бледный	поганка	46	3	3	0.05	attraction	0.0652	0.9834	5.278
бледный	мертвец	46	3	3	0.05	attraction	0.0652	0.9834	5.278
жирный	боров	3	4	2	0	attraction	0.6659	0.4996	5.269
мягкий	воск	32	4	3	0.05	attraction	0.0934	0.7388	5.1654
крепкий	сталь	29	13	4	0.15	attraction	0.1344	0.298	5.0697
ласковый	теленок	5	3	2	0.01	attraction	0.3996	0.6655	5.0473
гибкий	лоза	5	3	2	0.01	attraction	0.3996	0.6655	5.0473
круглый	шар	5	3	2	0.01	attraction	0.3996	0.6655	5.0473
упертый	баран	3	5	2	0.01	attraction	0.6655	0.3996	5.0473
горький	коньяк	4	4	2	0.01	attraction	0.4992	0.4992	4.9682
скрипучий	сахар	2	9	2	0.01	attraction	0.9973	0.2222	4.9678
здоровый	лошадь	38	4	3	0.06	attraction	0.0786	0.7364	4.9355
прочный	скала	14	29	4	0.16	attraction	0.276	0.134	4.9269
алый	кровь	2	10	2	0.01	attraction	0.9969	0.2	4.8708
тонкий	тростинка	26	6	3	0.06	attraction	0.1142	0.4911	4.752
ласковый	котенок	5	4	2	0.01	attraction	0.3992	0.4988	4.7466
пустой	барабан	7	3	2	0.01	attraction	0.2853	0.6647	4.7253
яркий	солнце	14	11	3	0.06	attraction	0.2112	0.2685	4.6918
трезвый	стекло	16	29	4	0.18	attraction	0.2403	0.1332	4.6741
прозрачный	вода	48	20	5	0.37	attraction	0.0983	0.2332	4.6493
сильный	лев	29	6	3	0.07	attraction	0.1023	0.4899	4.6053
храбрый	медведь	3	8	2	0.01	attraction	0.6643	0.2496	4.6005
бледный	мел	46	11	4	0.2	attraction	0.0842	0.3473	4.5779
глубокий	море	4	6	2	0.01	attraction	0.4985	0.3326	4.5707
стройный	березка	14	2	2	0.01	attraction	0.1429	0.9954	4.565
яркий	букет	14	2	2	0.01	attraction	0.1429	0.9954	4.565
белый	молоко	99	6	4	0.23	attraction	0.0396	0.6298	4.5434
жесткий	деревяшка	9	3	2	0.01	attraction	0.2218	0.664	4.4914
прямой	струна	33	6	3	0.08	attraction	0.0897	0.4884	4.4327
простой	карандаш	57	4	3	0.09	attraction	0.0522	0.7291	4.3978
страшный	медуза	10	3	2	0.01	attraction	0.1996	0.6636	4.3946
крепкий	дуб	29	7	3	0.08	attraction	0.1019	0.4185	4.3656
синий	море	5	6	2	0.01	attraction	0.3985	0.3322	4.3493
свежий	огурчик	5	6	2	0.01	attraction	0.3985	0.3322	4.3493
важный	воздух	8	164	5	0.51	attraction	0.5633	0.0292	4.3344
любопытный	кошка	3	11	2	0.01	attraction	0.6632	0.1814	4.3076
влюбленный	кошка	3	11	2	0.01	attraction	0.6632	0.1814	4.3076
совершенный	бог	3	11	2	0.01	attraction	0.6632	0.1814	4.3076
плоский	лещ	19	2	2	0.01	attraction	0.1053	0.9934	4.2911
белый	мука	99	3	3	0.11	attraction	0.0303	0.9628	4.2637
жидкий	вода	2	20	2	0.02	attraction	0.993	0.1	4.2453
текучий	вода	2	20	2	0.02	attraction	0.993	0.1	4.2453
прозрачный	хрусталь	48	5	3	0.09	attraction	0.0617	0.5826	4.2327
искрененный	ребенок	2	21	2	0.02	attraction	0.9926	0.0952	4.2018
прекрасный	как бутон розы сверкающий каплями росы 	21	2	2	0.02	attraction	0.0952	0.9926	4.2018
мокрый	мышь	6	6	2	0.01	attraction	0.3318	0.3318	4.1737
счастливый	ребенок	11	21	3	0.09	attraction	0.2657	0.1397	4.1361
грязный	черт	2	23	2	0.02	attraction	0.9919	0.087	4.1209
глупый	пробка	4	10	2	0.02	attraction	0.4969	0.1992	4.0945
сухой	солома	10	4	2	0.02	attraction	0.1992	0.4969	4.0945
ровный	стол	8	5	2	0.02	attraction	0.2488	0.3977	4.0789
прочный	камень	14	48	4	0.26	attraction	0.2686	0.0794	4.0393
тонкий	паутинка	26	2	2	0.02	attraction	0.0769	0.9907	4.0122
простой	топор	57	5	3	0.11	attraction	0.0518	0.5791	4.0067
голодный	зверь	9	5	2	0.02	attraction	0.2211	0.3973	3.9701
нежный	цветок	12	4	2	0.02	attraction	0.1659	0.4961	3.9286
неподвижный	скала	2	29	2	0.02	attraction	0.9896	0.069	3.9155
неприступный	скала	2	29	2	0.02	attraction	0.9896	0.069	3.9155
упрямый	баран	10	5	2	0.02	attraction	0.1988	0.3969	3.8735
наглый	танк	4	13	2	0.02	attraction	0.4957	0.1531	3.8563
гладкий	мрамор	32	2	2	0.02	attraction	0.0625	0.9884	3.8286
вечный	мир	13	391	8	1.97	attraction	0.4665	0.0182	3.7871
надежный	автомат калашникова	20	3	2	0.02	attraction	0.0996	0.6597	3.7702
длинный	жердь	7	8	2	0.02	attraction	0.2834	0.2481	3.758
тощий	жердь	7	8	2	0.02	attraction	0.2834	0.2481	3.758
нежный	шелк	12	26	3	0.12	attraction	0.2411	0.1119	3.728
красивый	богиня	15	4	2	0.02	attraction	0.1326	0.495	3.7276
красивый	звезда	15	4	2	0.02	attraction	0.1326	0.495	3.7276
прекрасный	луна	21	3	2	0.02	attraction	0.0948	0.6593	3.7269
беспомощный	ребенок	3	21	2	0.02	attraction	0.6593	0.0948	3.7269
невинный	младенец	10	6	2	0.02	attraction	0.1984	0.3302	3.6983
здоровый	конь	38	2	2	0.03	attraction	0.0526	0.9861	3.6771
чумазый	черт	3	23	2	0.03	attraction	0.6585	0.0866	3.6462
чистый	младенец	61	6	3	0.14	attraction	0.048	0.4775	3.6241
острый	скальпель	41	2	2	0.03	attraction	0.0488	0.9849	3.6102
яркий	солнышко	14	5	2	0.03	attraction	0.1417	0.3954	3.5691
сильный	бык	29	30	4	0.34	attraction	0.1278	0.1236	3.5436
неотвратимый	смерть	2	46	2	0.04	attraction	0.983	0.0435	3.5091
черствый	камень	2	48	2	0.04	attraction	0.9822	0.0417	3.4717
сладкий	персик	16	5	2	0.03	attraction	0.1238	0.3946	3.4496
крепкий	орех	29	3	2	0.03	attraction	0.0686	0.6562	3.4414
горячий	огонь	10	8	2	0.03	attraction	0.1977	0.2469	3.4291
прекрасный	звезда	21	4	2	0.03	attraction	0.0945	0.4926	3.428
деятельный	пчела	1	1	1	0	attraction	1	1	3.4126
драный	хвост у твоей собаки	1	1	1	0	attraction	1	1	3.4126
изъезженный	европа	1	1	1	0	attraction	1	1	3.4126
пламенный	юноша	1	1	1	0	attraction	1	1	3.4126
податливый	пластилин	1	1	1	0	attraction	1	1	3.4126
полезный	бутылка	1	1	1	0	attraction	1	1	3.4126
покорный	рабыня	1	1	1	0	attraction	1	1	3.4126
постепенный	улитка	1	1	1	0	attraction	1	1	3.4126
пытливый	англичанин	1	1	1	0	attraction	1	1	3.4126
прямолинейный	меч самурая 	1	1	1	0	attraction	1	1	3.4126
пустынный	кастрюля	1	1	1	0	attraction	1	1	3.4126
блестящий	золото	1	1	1	0	attraction	1	1	3.4126
безмолвный	отчаянье	1	1	1	0	attraction	1	1	3.4126
безобразный	истина	1	1	1	0	attraction	1	1	3.4126
безупречный	фарфор	1	1	1	0	attraction	1	1	3.4126
безумный	шляпник	1	1	1	0	attraction	1	1	3.4126
беспристрастный	судья	1	1	1	0	attraction	1	1	3.4126
брезгливый	падла	1	1	1	0	attraction	1	1	3.4126
липкий	карамель	1	1	1	0	attraction	1	1	3.4126
лохматый	абориген	1	1	1	0	attraction	1	1	3.4126
ажурный	кружево	1	1	1	0	attraction	1	1	3.4126
агрессивный	стая бешеных собак	1	1	1	0	attraction	1	1	3.4126
заброшенный	антарктида	1	1	1	0	attraction	1	1	3.4126
занятый	пчелка	1	1	1	0	attraction	1	1	3.4126
застывший	манекен	1	1	1	0	attraction	1	1	3.4126
зыбкий	колебание воздуха	1	1	1	0	attraction	1	1	3.4126
мирный	пучок одуванчиков	1	1	1	0	attraction	1	1	3.4126
медлительный	черепаха	1	1	1	0	attraction	1	1	3.4126
мелодичный	джаз	1	1	1	0	attraction	1	1	3.4126
мелкий	пыль	1	1	1	0	attraction	1	1	3.4126
мохнатый	як-истребитель	1	1	1	0	attraction	1	1	3.4126
напористый	бульдог	1	1	1	0	attraction	1	1	3.4126
нагой	дерево без вишни	1	1	1	0	attraction	1	1	3.4126
нататуированный	папуас	1	1	1	0	attraction	1	1	3.4126
непредсказуемый	погода весной	1	1	1	0	attraction	1	1	3.4126
непреодолимый	рок	1	1	1	0	attraction	1	1	3.4126
неоднозначный	осень	1	1	1	0	attraction	1	1	3.4126
невозмутимый	рептилия	1	1	1	0	attraction	1	1	3.4126
нереальный	сон	1	1	1	0	attraction	1	1	3.4126
несокрушимый	пламя	1	1	1	0	attraction	1	1	3.4126
опасный	нож из тьмы	1	1	1	0	attraction	1	1	3.4126
оборванный	бродяга	1	1	1	0	attraction	1	1	3.4126
органиченный	рыба в воде	1	1	1	0	attraction	1	1	3.4126
вогнутый	миска	1	1	1	0	attraction	1	1	3.4126
вялый	вафля	1	1	1	0	attraction	1	1	3.4126
гигантский	парус	1	1	1	0	attraction	1	1	3.4126
костлявый	модель	1	1	1	0	attraction	1	1	3.4126
квадратный	наволочка	1	1	1	0	attraction	1	1	3.4126
крутой	америка	1	1	1	0	attraction	1	1	3.4126
шустрый	вжик	1	1	1	0	attraction	1	1	3.4126
таинственный	глубокое озеро	1	1	1	0	attraction	1	1	3.4126
точенный	статуэтка	1	1	1	0	attraction	1	1	3.4126
разный	небо и земля	1	1	1	0	attraction	1	1	3.4126
ревнивый	сука	1	1	1	0	attraction	1	1	3.4126
целеустремленный	снежинка	1	1	1	0	attraction	1	1	3.4126
чуткий	пантера	1	1	1	0	attraction	1	1	3.4126
ядовитый	гадюка	1	1	1	0	attraction	1	1	3.4126
седый	лунь	1	1	1	0	attraction	1	1	3.4126
сморщенный	гриб	1	1	1	0	attraction	1	1	3.4126
свирепый	шакал	1	1	1	0	attraction	1	1	3.4126
скрюченный	буква	1	1	1	0	attraction	1	1	3.4126
стекл	трезвышко	1	1	1	0	attraction	1	1	3.4126
удачливый	адвокат	1	1	1	0	attraction	1	1	3.4126
упитанный	груша	1	1	1	0	attraction	1	1	3.4126
упругий	пластик	1	1	1	0	attraction	1	1	3.4126
учтивый	стюардесса на иностранных авиалиниях	1	1	1	0	attraction	1	1	3.4126
стройный	тростинка	14	6	2	0.03	attraction	0.1413	0.3287	3.3943
мягкий	бархат	32	3	2	0.04	attraction	0.0621	0.6551	3.3548
ровный	зеркало	8	11	2	0.03	attraction	0.2465	0.1795	3.3426
простой	дверь	57	2	2	0.04	attraction	0.0351	0.9787	3.321
простой	табуретка	57	2	2	0.04	attraction	0.0351	0.9787	3.321
огромный	небо	10	9	2	0.03	attraction	0.1973	0.2191	3.3208
плоский	стол	19	5	2	0.04	attraction	0.1041	0.3934	3.2968
страшный	смерть	10	46	3	0.18	attraction	0.2833	0.0625	3.2369
крепкий	коньяк	29	4	2	0.04	attraction	0.0682	0.4895	3.1435
доверчивый	студентка	2	1	1	0	attraction	0.5	0.9996	3.1116
извилистый	каракуль	2	1	1	0	attraction	0.5	0.9996	3.1116
извилистый	спираль	2	1	1	0	attraction	0.5	0.9996	3.1116
изворотливый	змея	1	2	1	0	attraction	0.9996	0.5	3.1116
изящный и грациозный	француз	1	2	1	0	attraction	0.9996	0.5	3.1116
призрачный	тень	1	2	1	0	attraction	0.9996	0.5	3.1116
промезший	бетон	1	2	1	0	attraction	0.9996	0.5	3.1116
пушистый	облачко	2	1	1	0	attraction	0.5	0.9996	3.1116
бедный	голь перекатная	2	1	1	0	attraction	0.5	0.9996	3.1116
активный	ураган	1	2	1	0	attraction	0.9996	0.5	3.1116
жаркий	африка	2	1	1	0	attraction	0.5	0.9996	3.1116
загорелый	мулатка	2	1	1	0	attraction	0.5	0.9996	3.1116
маленький	песчинка	2	1	1	0	attraction	0.5	0.9996	3.1116
маленький	мышка	2	1	1	0	attraction	0.5	0.9996	3.1116
неповоротливый	носорог	2	1	1	0	attraction	0.5	0.9996	3.1116
одинокий	перст	2	1	1	0	attraction	0.5	0.9996	3.1116
одинокий	король	2	1	1	0	attraction	0.5	0.9996	3.1116
ветреный	француз	1	2	1	0	attraction	0.9996	0.5	3.1116
верный	таблица умножения	2	1	1	0	attraction	0.5	0.9996	3.1116
веселый	бабка с семечками	2	1	1	0	attraction	0.5	0.9996	3.1116
весомый	гранит	1	2	1	0	attraction	0.9996	0.5	3.1116
внезапный	леопард	2	1	1	0	attraction	0.5	0.9996	3.1116
внезапный	шишка	2	1	1	0	attraction	0.5	0.9996	3.1116
вкусный	человечина	2	1	1	0	attraction	0.5	0.9996	3.1116
готовый	штык	2	1	1	0	attraction	0.5	0.9996	3.1116
колючий	елка	2	1	1	0	attraction	0.5	0.9996	3.1116
колючий	еж	2	1	1	0	attraction	0.5	0.9996	3.1116
коварный	царица	2	1	1	0	attraction	0.5	0.9996	3.1116
короткий	выстрел	1	2	1	0	attraction	0.9996	0.5	3.1116
кристальный	сколок айсберга	2	1	1	0	attraction	0.5	0.9996	3.1116
шершавый	наждачка	2	1	1	0	attraction	0.5	0.9996	3.1116
шершавый	терка	2	1	1	0	attraction	0.5	0.9996	3.1116
радостный	песня	2	1	1	0	attraction	0.5	0.9996	3.1116
раздутый	вата	1	2	1	0	attraction	0.9996	0.5	3.1116
рыжий	морковка	2	1	1	0	attraction	0.5	0.9996	3.1116
рыхлый	печенье	2	1	1	0	attraction	0.5	0.9996	3.1116
хлесткий	выстрел	1	2	1	0	attraction	0.9996	0.5	3.1116
сладкий и прилипчивый	пастила	1	2	1	0	attraction	0.9996	0.5	3.1116
смелый	лебедь	2	1	1	0	attraction	0.5	0.9996	3.1116
соленый	вобла	1	2	1	0	attraction	0.9996	0.5	3.1116
скользкий	угорь	2	1	1	0	attraction	0.5	0.9996	3.1116
сушеный	вобла	1	2	1	0	attraction	0.9996	0.5	3.1116
белый	полотно	99	12	4	0.46	attraction	0.0372	0.2964	3.1024
твердый	кусок	74	2	2	0.06	attraction	0.027	0.9721	3.0925
гладкий	кость	32	4	2	0.05	attraction	0.0617	0.4884	3.0572
древний	человечество	33	4	2	0.05	attraction	0.0598	0.488	3.0302
дырявый	дуршлаг	3	1	1	0	attraction	0.3333	0.9992	2.9355
беспомощный	птичка	3	1	1	0	attraction	0.3333	0.9992	2.9355
большой	мироздание	3	1	1	0	attraction	0.3333	0.9992	2.9355
лысый	свинка	3	1	1	0	attraction	0.3333	0.9992	2.9355
жирный	хрюша	3	1	1	0	attraction	0.3333	0.9992	2.9355
желтый	одуванчик	3	1	1	0	attraction	0.3333	0.9992	2.9355
желтый	вечность	3	1	1	0	attraction	0.3333	0.9992	2.9355
закланный	агнец	1	3	1	0	attraction	0.9992	0.3333	2.9355
мощный	тигр	3	1	1	0	attraction	0.3333	0.9992	2.9355
наивный	человек	3	1	1	0	attraction	0.3333	0.9992	2.9355
влюбленный	мальчишка	3	1	1	0	attraction	0.3333	0.9992	2.9355
густой	каша	3	1	1	0	attraction	0.3333	0.9992	2.9355
разряженный	кукла	1	3	1	0	attraction	0.9992	0.3333	2.9355
разукрашенный	кукла	1	3	1	0	attraction	0.9992	0.3333	2.9355
резкий	щелчок кнута	3	1	1	0	attraction	0.3333	0.9992	2.9355
чудный	заря	1	3	1	0	attraction	0.9992	0.3333	2.9355
чумазый	трубочист	3	1	1	0	attraction	0.3333	0.9992	2.9355
стремительный	звон стрелы или полет скакуна	3	1	1	0	attraction	0.3333	0.9992	2.9355
стремительный	метеор	3	1	1	0	attraction	0.3333	0.9992	2.9355
стремительный	комета	3	1	1	0	attraction	0.3333	0.9992	2.9355
сытный	хлеб	1	3	1	0	attraction	0.9992	0.3333	2.9355
узкий	острие	3	1	1	0	attraction	0.3333	0.9992	2.9355
узкий	футляр	3	1	1	0	attraction	0.3333	0.9992	2.9355
вольный	ветер	7	20	2	0.05	attraction	0.2787	0.0981	2.9332
сладкий	сахар	16	9	2	0.06	attraction	0.1223	0.2168	2.8996
мягкий	облако	32	5	2	0.06	attraction	0.0613	0.3884	2.8387
белый	сметана	99	2	2	0.08	attraction	0.0202	0.9625	2.8382
загорелый	шоколад	2	2	1	0	attraction	0.4996	0.4996	2.8107
готовый	пионер	2	2	1	0	attraction	0.4996	0.4996	2.8107
теплый	любовь	2	2	1	0	attraction	0.4996	0.4996	2.8107
серый	пепел	2	2	1	0	attraction	0.4996	0.4996	2.8107
пышный	роза	1	4	1	0	attraction	0.9988	0.25	2.8106
мудрый	дракон	4	1	1	0	attraction	0.25	0.9988	2.8106
мудрый	друид	4	1	1	0	attraction	0.25	0.9988	2.8106
мудрый	змий	4	1	1	0	attraction	0.25	0.9988	2.8106
мудрый	мать-земля	4	1	1	0	attraction	0.25	0.9988	2.8106
глупый	пес	4	1	1	0	attraction	0.25	0.9988	2.8106
толстый	кожа носорога	4	1	1	0	attraction	0.25	0.9988	2.8106
трердый	кость	1	4	1	0	attraction	0.9988	0.25	2.8106
тягучий	сгущенка	4	1	1	0	attraction	0.25	0.9988	2.8106
хитрый	лисица	4	1	1	0	attraction	0.25	0.9988	2.8106
важный	вода	8	20	2	0.06	attraction	0.243	0.0977	2.8103
чистый	агнец	61	3	2	0.07	attraction	0.0324	0.6438	2.7911
чистый	кристалл	61	3	2	0.07	attraction	0.0324	0.6438	2.7911
черный	нефть	106	2	2	0.08	attraction	0.0189	0.9598	2.7786
легкий	облако	35	5	2	0.07	attraction	0.056	0.3872	2.7607
крепкий	камень	29	48	4	0.54	attraction	0.1207	0.0735	2.7531
ровный	стрела	8	22	2	0.07	attraction	0.2422	0.0886	2.7268
подвижный	подросток	5	1	1	0	attraction	0.2	0.9985	2.7137
подвижный	капля ртути 	5	1	1	0	attraction	0.2	0.9985	2.7137
послушный	ягненок	1	5	1	0	attraction	0.9985	0.2	2.7137
беззлобный	дитя	1	5	1	0	attraction	0.9985	0.2	2.7137
зеленый	листва	5	1	1	0	attraction	0.2	0.9985	2.7137
зеленый	слизь	5	1	1	0	attraction	0.2	0.9985	2.7137
воздушный	пачка	5	1	1	0	attraction	0.2	0.9985	2.7137
воздушный	зефир	5	1	1	0	attraction	0.2	0.9985	2.7137
воздушный	вуаль	5	1	1	0	attraction	0.2	0.9985	2.7137
воздушный	суфле	5	1	1	0	attraction	0.2	0.9985	2.7137
гибкий	тростник	5	1	1	0	attraction	0.2	0.9985	2.7137
гибкий	резина	5	1	1	0	attraction	0.2	0.9985	2.7137
голый	ню	5	1	1	0	attraction	0.2	0.9985	2.7137
круглый	яйцо	5	1	1	0	attraction	0.2	0.9985	2.7137
честный	топор	1	5	1	0	attraction	0.9985	0.2	2.7137
синий	ночное небо 	5	1	1	0	attraction	0.2	0.9985	2.7137
слабый	курица	5	1	1	0	attraction	0.2	0.9985	2.7137
слабый	тростиночка	5	1	1	0	attraction	0.2	0.9985	2.7137
слабый	тряпка	5	1	1	0	attraction	0.2	0.9985	2.7137
слабый	цыпленок	5	1	1	0	attraction	0.2	0.9985	2.7137
свежий	поцелуй	5	1	1	0	attraction	0.2	0.9985	2.7137
светлый	дымка	5	1	1	0	attraction	0.2	0.9985	2.7137
прочный	танк	14	13	2	0.07	attraction	0.1386	0.1492	2.6877
проворный	понос	2	3	1	0	attraction	0.4992	0.3329	2.6346
блистающий	заря	2	3	1	0	attraction	0.4992	0.3329	2.6346
желанный	шоколад	3	2	1	0	attraction	0.3329	0.4992	2.6346
мощный	ураган	3	2	1	0	attraction	0.3329	0.4992	2.6346
оранжевый	апельсин	2	3	1	0	attraction	0.4992	0.3329	2.6346
вязкий	деготь	3	2	1	0	attraction	0.3329	0.4992	2.6346
вязкий	глина	3	2	1	0	attraction	0.3329	0.4992	2.6346
тихий	тень	3	2	1	0	attraction	0.3329	0.4992	2.6346
рыжий	апельсин	2	3	1	0	attraction	0.4992	0.3329	2.6346
рыхлый	медуза	2	3	1	0	attraction	0.4992	0.3329	2.6346
смирный	овечка	2	3	1	0	attraction	0.4992	0.3329	2.6346
смирный	теленок	2	3	1	0	attraction	0.4992	0.3329	2.6346
блудивый	кот	1	6	1	0	attraction	0.9981	0.1667	2.6345
бескрайний	океан	1	6	1	0	attraction	0.9981	0.1667	2.6345
боязливый	заяц	1	6	1	0	attraction	0.9981	0.1667	2.6345
мокрый	цуцик	6	1	1	0	attraction	0.1667	0.9981	2.6345
мокрый	чушка	6	1	1	0	attraction	0.1667	0.9981	2.6345
натянутый	струна	1	6	1	0	attraction	0.9981	0.1667	2.6345
вытянутый	струна	1	6	1	0	attraction	0.9981	0.1667	2.6345
темный	ноча	6	1	1	0	attraction	0.1667	0.9981	2.6345
темный	обезьянка	6	1	1	0	attraction	0.1667	0.9981	2.6345
слепой	щенок	6	1	1	0	attraction	0.1667	0.9981	2.6345
слепой	ягненок новорожденный котенок 	6	1	1	0	attraction	0.1667	0.9981	2.6345
элегантный	цветок лилии	6	1	1	0	attraction	0.1667	0.9981	2.6345
элегантный	цветок орхидеи	6	1	1	0	attraction	0.1667	0.9981	2.6345
нежный	пух	12	17	2	0.08	attraction	0.1608	0.1138	2.5878
длинный	жердина	7	1	1	0	attraction	0.1429	0.9977	2.5675
длинный	змей	7	1	1	0	attraction	0.1429	0.9977	2.5675
длинный	кнут	7	1	1	0	attraction	0.1429	0.9977	2.5675
длинный	корабль	7	1	1	0	attraction	0.1429	0.9977	2.5675
дряхлый и глухой	пень	1	7	1	0	attraction	0.9977	0.1429	2.5675
пустой	ведро	7	1	1	0	attraction	0.1429	0.9977	2.5675
пустой	штука	7	1	1	0	attraction	0.1429	0.9977	2.5675
тощий	шепка	7	1	1	0	attraction	0.1429	0.9977	2.5675
устойчивый	дуб	1	7	1	0	attraction	0.9977	0.1429	2.5675
невинный	ребенок	10	21	2	0.08	attraction	0.1926	0.0921	2.5657
необходимый	хлеб	84	3	2	0.1	attraction	0.0234	0.6349	2.5139
добрый	ангел	2	4	1	0	attraction	0.4988	0.2496	2.5098
бездонный	вселенная	2	4	1	0	attraction	0.4988	0.2496	2.5098
бодрый	огурец	4	2	1	0	attraction	0.2496	0.4988	2.5098
наглый	обезьяна	4	2	1	0	attraction	0.2496	0.4988	2.5098
глухой	столб	4	2	1	0	attraction	0.2496	0.4988	2.5098
тягучий	жвачка	4	2	1	0	attraction	0.2496	0.4988	2.5098
хитрый	обезьяна	4	2	1	0	attraction	0.2496	0.4988	2.5098
хмурый	туча	2	4	1	0	attraction	0.4988	0.2496	2.5098
беспощадный	огонь	1	8	1	0	attraction	0.9973	0.125	2.5095
естественный	чихание	8	1	1	0	attraction	0.125	0.9973	2.5095
заспанный	медведь	1	8	1	0	attraction	0.9973	0.125	2.5095
важный	пеликан	8	1	1	0	attraction	0.125	0.9973	2.5095
хрупкий	крыло бабочки 	8	1	1	0	attraction	0.125	0.9973	2.5095
хрупкий	стебель	8	1	1	0	attraction	0.125	0.9973	2.5095
чистый	голубь	61	4	2	0.09	attraction	0.032	0.4771	2.4968
крепкий	железо	29	8	2	0.09	attraction	0.0666	0.2395	2.4866
страшный	черт	10	23	2	0.09	attraction	0.1918	0.0838	2.4866
прекрасный	бог	21	11	2	0.09	attraction	0.0917	0.1744	2.4807
игривый	шампанское	3	3	1	0	attraction	0.3326	0.3326	2.4587
упертый	трактор	3	3	1	0	attraction	0.3326	0.3326	2.4587
пьяный	павиан	9	1	1	0	attraction	0.1111	0.9969	2.4584
пьяный	сапожник	9	1	1	0	attraction	0.1111	0.9969	2.4584
пьяный	стелька	9	1	1	0	attraction	0.1111	0.9969	2.4584
безграничный	небо	1	9	1	0	attraction	0.9969	0.1111	2.4584
жесткий	подметка	9	1	1	0	attraction	0.1111	0.9969	2.4584
жесткий	проволока	9	1	1	0	attraction	0.1111	0.9969	2.4584
жесткий	щетина	9	1	1	0	attraction	0.1111	0.9969	2.4584
загадочный	мираж	9	1	1	0	attraction	0.1111	0.9969	2.4584
загадочный	взгляд сфинкса	9	1	1	0	attraction	0.1111	0.9969	2.4584
тяжелый	жернов	9	1	1	0	attraction	0.1111	0.9969	2.4584
тяжелый	марафон	9	1	1	0	attraction	0.1111	0.9969	2.4584
тяжелый	чугун	9	1	1	0	attraction	0.1111	0.9969	2.4584
оранжевый	солнышко	2	5	1	0	attraction	0.4985	0.1996	2.413
веселый	дитя	2	5	1	0	attraction	0.4985	0.1996	2.413
белый	сахар	99	9	3	0.34	attraction	0.0279	0.2961	2.4128
невинный	душа	10	1	1	0	attraction	0.1	0.9965	2.4126
невинный	новорожденный младенец	10	1	1	0	attraction	0.1	0.9965	2.4126
невинный	капля росы по утру	10	1	1	0	attraction	0.1	0.9965	2.4126
невинный	щеночек	10	1	1	0	attraction	0.1	0.9965	2.4126
огромный	город	10	1	1	0	attraction	0.1	0.9965	2.4126
горячий	печка	10	1	1	0	attraction	0.1	0.9965	2.4126
горячий	вулкан	10	1	1	0	attraction	0.1	0.9965	2.4126
горячий	кипяток	10	1	1	0	attraction	0.1	0.9965	2.4126
горячий	тибет	10	1	1	0	attraction	0.1	0.9965	2.4126
горячий	сковородка	10	1	1	0	attraction	0.1	0.9965	2.4126
горячий	утюг	10	1	1	0	attraction	0.1	0.9965	2.4126
румяный	кровь	1	10	1	0	attraction	0.9965	0.1	2.4126
страшный	жаба	10	1	1	0	attraction	0.1	0.9965	2.4126
страшный	чудо-юдо	10	1	1	0	attraction	0.1	0.9965	2.4126
сухой	песок	10	1	1	0	attraction	0.1	0.9965	2.4126
сухой	сухарь	10	1	1	0	attraction	0.1	0.9965	2.4126
упрямый	ишак	10	1	1	0	attraction	0.1	0.9965	2.4126
упрямый	вол	10	1	1	0	attraction	0.1	0.9965	2.4126
упрямый	стадо	10	1	1	0	attraction	0.1	0.9965	2.4126
надежный	танк	20	13	2	0.1	attraction	0.0957	0.1469	2.3754
белый	простыня	99	3	2	0.11	attraction	0.0198	0.6291	2.3721
могущественный	бог	1	11	1	0	attraction	0.9961	0.0909	2.3712
недостижимый	солнце	1	11	1	0	attraction	0.9961	0.0909	2.3712
ослепительный	солнце	1	11	1	0	attraction	0.9961	0.0909	2.3712
грубый	доска	1	11	1	0	attraction	0.9961	0.0909	2.3712
точный	молния	1	11	1	0	attraction	0.9961	0.0909	2.3712
рад	дите малое	11	1	1	0	attraction	0.0909	0.9961	2.3712
счастливый	миллионер	11	1	1	0	attraction	0.0909	0.9961	2.3712
счастливый	суслик	11	1	1	0	attraction	0.0909	0.9961	2.3712
счастливый	слон	11	172	4	0.73	attraction	0.2984	0.0204	2.3656
неуклюжый	слон	2	172	2	0.13	attraction	0.9342	0.0116	2.3566
холодный	рыба	46	6	2	0.11	attraction	0.0419	0.3163	2.3528
игривый	котенок	3	4	1	0	attraction	0.3322	0.2492	2.334
большой	вселенная	3	4	1	0	attraction	0.3322	0.2492	2.334
богатый	земля	4	3	1	0	attraction	0.2492	0.3322	2.334
вязкий	смола	3	4	1	0	attraction	0.3322	0.2492	2.334
толстый	паровоз	4	3	1	0	attraction	0.2492	0.3322	2.334
толстый	шар	4	3	1	0	attraction	0.2492	0.3322	2.334
совершенный	богиня	3	4	1	0	attraction	0.3322	0.2492	2.334
бедный	мышь	2	6	1	0	attraction	0.4981	0.1663	2.3339
бездонный	океан	2	6	1	0	attraction	0.4981	0.1663	2.3339
непоколебимый	гора	2	6	1	0	attraction	0.4981	0.1663	2.3339
грациозный	лев	2	6	1	0	attraction	0.4981	0.1663	2.3339
теплый	молоко	2	6	1	0	attraction	0.4981	0.1663	2.3339
серый	мышь	2	6	1	0	attraction	0.4981	0.1663	2.3339
смелый	лев	2	6	1	0	attraction	0.4981	0.1663	2.3339
нежный	цветочек	12	1	1	0	attraction	0.0833	0.9957	2.3334
худой	швабра	12	1	1	0	attraction	0.0833	0.9957	2.3334
вечный	лестница	13	1	1	0	attraction	0.0769	0.9954	2.2987
тупой	дятел	13	1	1	0	attraction	0.0769	0.9954	2.2987
спакойный	танк	1	13	1	0	attraction	0.9954	0.0769	2.2987
гладкий	стекло	32	29	3	0.36	attraction	0.0836	0.0921	2.2961
длинный	змея	7	2	1	0.01	attraction	0.1425	0.4977	2.267
пустой	дым	7	2	1	0.01	attraction	0.1425	0.4977	2.267
пустой	вата	7	2	1	0.01	attraction	0.1425	0.4977	2.267
стройный	барби	14	1	1	0.01	attraction	0.0714	0.995	2.2665
стройный	олененок	14	1	1	0.01	attraction	0.0714	0.995	2.2665
стройный	осина	14	1	1	0.01	attraction	0.0714	0.995	2.2665
стройный	кипарис	14	1	1	0.01	attraction	0.0714	0.995	2.2665
стройный	тополь	14	1	1	0.01	attraction	0.0714	0.995	2.2665
яркий	барбарис	14	1	1	0.01	attraction	0.0714	0.995	2.2665
яркий	оперение колибри	14	1	1	0.01	attraction	0.0714	0.995	2.2665
яркий	карнавал	14	1	1	0.01	attraction	0.0714	0.995	2.2665
игривый	дитя	3	5	1	0.01	attraction	0.3318	0.1992	2.2372
желтый	солнышко	3	5	1	0.01	attraction	0.3318	0.1992	2.2372
зеленый	лоза	5	3	1	0.01	attraction	0.1992	0.3318	2.2372
голый	барабан	5	3	1	0.01	attraction	0.1992	0.3318	2.2372
кроткий	овечка	5	3	1	0.01	attraction	0.1992	0.3318	2.2372
ясный	луна	5	3	1	0.01	attraction	0.1992	0.3318	2.2372
ясный	кристалл	5	3	1	0.01	attraction	0.1992	0.3318	2.2372
красивый	восход солнца	15	1	1	0.01	attraction	0.0667	0.9946	2.2365
бесконечный	вселенная	4	4	1	0.01	attraction	0.2488	0.2488	2.2093
толстый	боров	4	4	1	0.01	attraction	0.2488	0.2488	2.2093
тягучий	смола	4	4	1	0.01	attraction	0.2488	0.2488	2.2093
блистающий	огонь	2	8	1	0.01	attraction	0.4973	0.1246	2.2091
жаркий	огонь	2	8	1	0.01	attraction	0.4973	0.1246	2.2091
ровный	бревно	8	2	1	0.01	attraction	0.1246	0.4973	2.2091
сладкий	изюм	16	1	1	0.01	attraction	0.0625	0.9942	2.2085
сладкий	запах лилий	16	1	1	0.01	attraction	0.0625	0.9942	2.2085
сладкий	малина	16	1	1	0.01	attraction	0.0625	0.9942	2.2085
сладкий	грех	16	1	1	0.01	attraction	0.0625	0.9942	2.2085
вечный	жизнь	13	25	2	0.13	attraction	0.1449	0.0757	2.1832
больной	собака	1	17	1	0.01	attraction	0.9938	0.0588	2.1822
лeгкий	пух	1	17	1	0.01	attraction	0.9938	0.0588	2.1822
рассыпчатый	пух	1	17	1	0.01	attraction	0.9938	0.0588	2.1822
угрюмый	собака	1	17	1	0.01	attraction	0.9938	0.0588	2.1822
могучий	дерево	3	6	1	0.01	attraction	0.3314	0.1659	2.1582
наивный	свинья	3	6	1	0.01	attraction	0.3314	0.1659	2.1582
густой	молоко	3	6	1	0.01	attraction	0.3314	0.1659	2.1582
широкий	море	3	6	1	0.01	attraction	0.3314	0.1659	2.1582
тихий	мышь	3	6	1	0.01	attraction	0.3314	0.1659	2.1582
вкусный	сахар	2	9	1	0.01	attraction	0.4969	0.1107	2.158
коварный	волк	2	9	1	0.01	attraction	0.4969	0.1107	2.158
живой	мешок картошки	18	1	1	0.01	attraction	0.0556	0.9934	2.1574
плоский	досточка	19	1	1	0.01	attraction	0.0526	0.993	2.1339
плоский	панель	19	1	1	0.01	attraction	0.0526	0.993	2.1339
плоский	поднос	19	1	1	0.01	attraction	0.0526	0.993	2.1339
малиновый	рак	1	19	1	0.01	attraction	0.993	0.0526	2.1339
серьезный	рак	1	19	1	0.01	attraction	0.993	0.0526	2.1339
живучий	боров	5	4	1	0.01	attraction	0.1988	0.2485	2.1126
наглый	баран	4	5	1	0.01	attraction	0.2485	0.1988	2.1126
круглый	блин	5	4	1	0.01	attraction	0.1988	0.2485	2.1126
слабый	котенок	5	4	1	0.01	attraction	0.1988	0.2485	2.1126
огромный	кобыла	10	2	1	0.01	attraction	0.0996	0.4965	2.1124
сухой	дым	10	2	1	0.01	attraction	0.0996	0.4965	2.1124
сухой	лес	10	2	1	0.01	attraction	0.0996	0.4965	2.1124
бесформенный	вода	1	20	1	0.01	attraction	0.9926	0.05	2.1116
надежный	поляк	20	1	1	0.01	attraction	0.05	0.9926	2.1116
надежный	молоток	20	1	1	0.01	attraction	0.05	0.9926	2.1116
надежный	гора эверест	20	1	1	0.01	attraction	0.05	0.9926	2.1116
надежный	холод	20	1	1	0.01	attraction	0.05	0.9926	2.1116
спокойный и мягкий	вода	1	20	1	0.01	attraction	0.9926	0.05	2.1116
желанный	свет	3	7	1	0.01	attraction	0.331	0.1421	2.0914
могучий	дуб	3	7	1	0.01	attraction	0.331	0.1421	2.0914
тощий	скелет	7	3	1	0.01	attraction	0.1421	0.331	2.0914
инфантильный	ребенок	1	21	1	0.01	attraction	0.9923	0.0476	2.0904
искренный	ребенок	1	21	1	0.01	attraction	0.9923	0.0476	2.0904
прекрасный	прекрасны как богиня любви афродита 	21	1	1	0.01	attraction	0.0476	0.9923	2.0904
прекрасный	бутон розы	21	1	1	0.01	attraction	0.0476	0.9923	2.0904
прекрасный	женщина	21	1	1	0.01	attraction	0.0476	0.9923	2.0904
прекрасный	венеция	21	1	1	0.01	attraction	0.0476	0.9923	2.0904
прекрасный	королева	21	1	1	0.01	attraction	0.0476	0.9923	2.0904
прекрасный	цветок лотоса	21	1	1	0.01	attraction	0.0476	0.9923	2.0904
простодушный	ребенок	1	21	1	0.01	attraction	0.9923	0.0476	2.0904
свободный	муха в полете	21	1	1	0.01	attraction	0.0476	0.9923	2.0904
белый	голубь	99	4	2	0.15	attraction	0.0194	0.4624	2.0821
проворный	молния	2	11	1	0.01	attraction	0.4961	0.0905	2.071
грациозный	кошка	2	11	1	0.01	attraction	0.4961	0.0905	2.071
забугорный	черт	1	23	1	0.01	attraction	0.9915	0.0435	2.0509
незаметный	ночь	1	23	1	0.01	attraction	0.9915	0.0435	2.0509
обаятельный	черт	1	23	1	0.01	attraction	0.9915	0.0435	2.0509
скучный	черт	1	23	1	0.01	attraction	0.9915	0.0435	2.0509
стабильный	черт	1	23	1	0.01	attraction	0.9915	0.0435	2.0509
бесконечный	океан	4	6	1	0.01	attraction	0.2481	0.1655	2.0337
темный	вино	6	4	1	0.01	attraction	0.1655	0.2481	2.0337
элегантный	цветок	6	4	1	0.01	attraction	0.1655	0.2481	2.0337
большой	медведь	3	8	1	0.01	attraction	0.3306	0.1242	2.0336
желанный	мед	3	8	1	0.01	attraction	0.3306	0.1242	2.0336
мощный	медведь	3	8	1	0.01	attraction	0.3306	0.1242	2.0336
густой	мед	3	8	1	0.01	attraction	0.3306	0.1242	2.0336
быстрый	вечер	24	1	1	0.01	attraction	0.0417	0.9911	2.0324
быстрый	ракета	24	1	1	0.01	attraction	0.0417	0.9911	2.0324
простой	пень	57	7	2	0.15	attraction	0.0331	0.2644	2.0297
черный	смола	106	4	2	0.16	attraction	0.0181	0.4597	2.024
воздушный	облако	5	5	1	0.01	attraction	0.1985	0.1985	2.016
свежий	персик	5	5	1	0.01	attraction	0.1985	0.1985	2.016
светлый	дитя	5	5	1	0.01	attraction	0.1985	0.1985	2.016
режущий	бритва	1	25	1	0.01	attraction	0.9907	0.04	2.0147
тонкий	иголочка	26	1	1	0.01	attraction	0.0385	0.9903	1.9977
тонкий	пергамент	26	1	1	0.01	attraction	0.0385	0.9903	1.9977
тонкий	нитка	26	1	1	0.01	attraction	0.0385	0.9903	1.9977
тонкий	ручиек	26	1	1	0.01	attraction	0.0385	0.9903	1.9977
спокойный	бездна	26	1	1	0.01	attraction	0.0385	0.9903	1.9977
спокойный	масло	26	1	1	0.01	attraction	0.0385	0.9903	1.9977
спокойный	тина	26	1	1	0.01	attraction	0.0385	0.9903	1.9977
пьяный	паровоз	9	3	1	0.01	attraction	0.1103	0.3302	1.9826
жесткий	земля	9	3	1	0.01	attraction	0.1103	0.3302	1.9826
храбрый	волк	3	9	1	0.01	attraction	0.3302	0.1103	1.9826
глупый	пень	4	7	1	0.01	attraction	0.2477	0.1417	1.967
тощий	спичка	7	4	1	0.01	attraction	0.1417	0.2477	1.967
прочный	бревно	14	2	1	0.01	attraction	0.071	0.495	1.9666
яркий	радуга	14	2	1	0.01	attraction	0.071	0.495	1.9666
злой	бультерьер	28	1	1	0.01	attraction	0.0357	0.9896	1.9655
злой	волчица	28	1	1	0.01	attraction	0.0357	0.9896	1.9655
злой	чорт	28	1	1	0.01	attraction	0.0357	0.9896	1.9655
злой	сабака	28	1	1	0.01	attraction	0.0357	0.9896	1.9655
злой	собака побитая	28	1	1	0.01	attraction	0.0357	0.9896	1.9655
жесткий	камень	9	48	2	0.17	attraction	0.2044	0.0389	1.9516
постоянный	скала	1	29	1	0.01	attraction	0.9892	0.0345	1.9502
каменный	скала	1	29	1	0.01	attraction	0.9892	0.0345	1.9502
крепкий	броня	29	1	1	0.01	attraction	0.0345	0.9892	1.9502
крепкий	кулак	29	1	1	0.01	attraction	0.0345	0.9892	1.9502
крепкий	хвост у моржа	29	1	1	0.01	attraction	0.0345	0.9892	1.9502
сильный	мул	29	1	1	0.01	attraction	0.0345	0.9892	1.9502
сильный	орел	29	1	1	0.01	attraction	0.0345	0.9892	1.9502
твердый	дерево	74	6	2	0.17	attraction	0.0254	0.3054	1.9489
синий	океан	5	6	1	0.01	attraction	0.1981	0.1651	1.9372
невинный	овечка	10	3	1	0.01	attraction	0.0992	0.3298	1.937
красивый	радуга	15	2	1	0.01	attraction	0.0663	0.4946	1.9367
накачаный	бык	1	30	1	0.01	attraction	0.9888	0.0333	1.9355
глубокий	сажа	4	8	1	0.01	attraction	0.2473	0.1238	1.9092
тягучий	мед	4	8	1	0.01	attraction	0.2473	0.1238	1.9092
сладкий	пастила	16	2	1	0.01	attraction	0.0621	0.4942	1.9087
сладкий	мечта	16	2	1	0.01	attraction	0.0621	0.4942	1.9087
мягкий	павлинье горло	32	1	1	0.01	attraction	0.0312	0.988	1.9075
мягкий	губка	32	1	1	0.01	attraction	0.0312	0.988	1.9075
мягкий	хлопок	32	1	1	0.01	attraction	0.0312	0.988	1.9075
гладкий	яичко	32	1	1	0.01	attraction	0.0312	0.988	1.9075
гладкий	спокойствие	32	1	1	0.01	attraction	0.0312	0.988	1.9075
счастливый	паровоз	11	3	1	0.01	attraction	0.0901	0.3295	1.8958
древний	говно	33	1	1	0.01	attraction	0.0303	0.9876	1.8941
прямой	планка	33	1	1	0.01	attraction	0.0303	0.9876	1.8941
прямой	лом	33	1	1	0.01	attraction	0.0303	0.9876	1.8941
прямой	луч	33	1	1	0.01	attraction	0.0303	0.9876	1.8941
прямой	меч викинга 	33	1	1	0.01	attraction	0.0303	0.9876	1.8941
прямой	стержень	33	1	1	0.01	attraction	0.0303	0.9876	1.8941
верный	собака	2	17	1	0.01	attraction	0.4938	0.0584	1.8825
умный	собака	2	17	1	0.01	attraction	0.4938	0.0584	1.8825
красный	плоть	34	1	1	0.01	attraction	0.0294	0.9872	1.8811
красный	бурак	34	1	1	0.01	attraction	0.0294	0.9872	1.8811
красный	мак	34	1	1	0.01	attraction	0.0294	0.9872	1.8811
красный	тревога	34	1	1	0.01	attraction	0.0294	0.9872	1.8811
легкий	пенопласт	35	1	1	0.01	attraction	0.0286	0.9868	1.8686
легкий	бабочка	35	1	1	0.01	attraction	0.0286	0.9868	1.8686
легкий	кисея	35	1	1	0.01	attraction	0.0286	0.9868	1.8686
легкий	туман	35	1	1	0.01	attraction	0.0286	0.9868	1.8686
жесткий	солома	9	4	1	0.01	attraction	0.1099	0.2469	1.8583
глубокий	небо	4	9	1	0.01	attraction	0.2469	0.1099	1.8583
худой	скелет	12	3	1	0.01	attraction	0.0826	0.3291	1.8582
плоский	лист	19	2	1	0.01	attraction	0.0522	0.493	1.8344
вечный	земля	13	3	1	0.02	attraction	0.0761	0.3287	1.8236
хрупкий	хрусталь	8	5	1	0.02	attraction	0.1234	0.1973	1.8129
изменчивый	ветер	2	20	1	0.02	attraction	0.4926	0.0496	1.8122
надежный	кувалда	20	2	1	0.02	attraction	0.0496	0.4926	1.8122
надежный	стена	20	2	1	0.02	attraction	0.0496	0.4926	1.8122
простой	палка	57	9	2	0.2	attraction	0.0323	0.2009	1.808
острый	игла	41	1	1	0.02	attraction	0.0244	0.9845	1.7998
острый	меч	41	1	1	0.02	attraction	0.0244	0.9845	1.7998
острый	монблан	41	1	1	0.02	attraction	0.0244	0.9845	1.7998
тощий	щепка	7	6	1	0.02	attraction	0.1409	0.1643	1.7919
стройный	скелет	14	3	1	0.02	attraction	0.0707	0.3283	1.7916
доверчивый	ребенок	2	21	1	0.02	attraction	0.4923	0.0472	1.7911
радостный	ребенок	2	21	1	0.02	attraction	0.4923	0.0472	1.7911
звонкий	лед	1	42	1	0.02	attraction	0.9841	0.0238	1.7894
сверкающий	лед	1	42	1	0.02	attraction	0.9841	0.0238	1.7894
быстрый	стрела	24	22	2	0.2	attraction	0.0755	0.0823	1.7688
синий	небо	5	9	1	0.02	attraction	0.1969	0.1096	1.7621
красивый	кукла	15	3	1	0.02	attraction	0.0659	0.3279	1.7618
изменчивый	черт	2	23	1	0.02	attraction	0.4915	0.0431	1.7517
хмурый	ночь	2	23	1	0.02	attraction	0.4915	0.0431	1.7517
умный	черт	2	23	1	0.02	attraction	0.4915	0.0431	1.7517
бледный	приведение	46	1	1	0.02	attraction	0.0217	0.9826	1.7499
бледный	болото	46	1	1	0.02	attraction	0.0217	0.9826	1.7499
бледный	лостос	46	1	1	0.02	attraction	0.0217	0.9826	1.7499
бледный	вампирша	46	1	1	0.02	attraction	0.0217	0.9826	1.7499
холодный	айсберг	46	1	1	0.02	attraction	0.0217	0.9826	1.7499
холодный	кафель	46	1	1	0.02	attraction	0.0217	0.9826	1.7499
холодный	труп	46	1	1	0.02	attraction	0.0217	0.9826	1.7499
ровный	струна	8	6	1	0.02	attraction	0.1231	0.164	1.7343
невинный	дитя	10	5	1	0.02	attraction	0.0984	0.1965	1.7167
горячий	солнышко	10	5	1	0.02	attraction	0.0984	0.1965	1.7167
тупой	осел	13	4	1	0.02	attraction	0.0758	0.2454	1.6997
тонкий	лист	26	2	1	0.02	attraction	0.0381	0.4903	1.6987
спокойный	лес	26	2	1	0.02	attraction	0.0381	0.4903	1.6987
ласковый	кошка	5	11	1	0.02	attraction	0.1961	0.0894	1.6756
гибкий	кошка	5	11	1	0.02	attraction	0.1961	0.0894	1.6756
круглый	солнце	5	11	1	0.02	attraction	0.1961	0.0894	1.6756
легкий	пух	35	17	2	0.23	attraction	0.0513	0.1048	1.6714
стройный	карандаш	14	4	1	0.02	attraction	0.0703	0.245	1.6677
яркий	день	14	4	1	0.02	attraction	0.0703	0.245	1.6677
простой	полено	57	1	1	0.02	attraction	0.0175	0.9783	1.6568
простой	праздник	57	1	1	0.02	attraction	0.0175	0.9783	1.6568
простой	пряник	57	1	1	0.02	attraction	0.0175	0.9783	1.6568
простой	магнитофон	57	1	1	0.02	attraction	0.0175	0.9783	1.6568
простой	мясорубка	57	1	1	0.02	attraction	0.0175	0.9783	1.6568
простой	кирпич	57	1	1	0.02	attraction	0.0175	0.9783	1.6568
простой	книга	57	1	1	0.02	attraction	0.0175	0.9783	1.6568
простой	шкаф	57	1	1	0.02	attraction	0.0175	0.9783	1.6568
простой	табурет	57	1	1	0.02	attraction	0.0175	0.9783	1.6568
простой	тетрис	57	1	1	0.02	attraction	0.0175	0.9783	1.6568
простой	рубль	57	1	1	0.02	attraction	0.0175	0.9783	1.6568
простой	яишница на завтрак	57	1	1	0.02	attraction	0.0175	0.9783	1.6568
простой	яйцо колумба 	57	1	1	0.02	attraction	0.0175	0.9783	1.6568
простой	угол дома	57	1	1	0.02	attraction	0.0175	0.9783	1.6568
простой	угол стола	57	1	1	0.02	attraction	0.0175	0.9783	1.6568
простой	устав вооруженных сил	57	1	1	0.02	attraction	0.0175	0.9783	1.6568
непоколебимый	скала	2	29	1	0.02	attraction	0.4892	0.0341	1.6516
крепкий	бетон	29	2	1	0.02	attraction	0.0341	0.4892	1.6516
сильный	кобыла	29	2	1	0.02	attraction	0.0341	0.4892	1.6516
огромный	море	10	6	1	0.02	attraction	0.0981	0.1632	1.6383
огромный	океан	10	6	1	0.02	attraction	0.0981	0.1632	1.6383
красивый	роза	15	4	1	0.02	attraction	0.0655	0.2446	1.638
красивый	цветок	15	4	1	0.02	attraction	0.0655	0.2446	1.638
иссиня-черный	смоль	1	61	1	0.02	attraction	0.9768	0.0164	1.6273
вороный	смоль	1	61	1	0.02	attraction	0.9768	0.0164	1.6273
чистый	лен	61	1	1	0.02	attraction	0.0164	0.9768	1.6273
чистый	кокаин	61	1	1	0.02	attraction	0.0164	0.9768	1.6273
чистый	роса	61	1	1	0.02	attraction	0.0164	0.9768	1.6273
тяжелый	дуб	9	7	1	0.02	attraction	0.1088	0.1398	1.6173
прекрасный	заря	21	3	1	0.02	attraction	0.0468	0.3256	1.6167
любопытный	ребенок	3	21	1	0.02	attraction	0.3256	0.0468	1.6167
наивный	ребенок	3	21	1	0.02	attraction	0.3256	0.0468	1.6167
сладкий	вино	16	4	1	0.02	attraction	0.0613	0.2442	1.6102
мягкий	глина	32	2	1	0.02	attraction	0.0309	0.488	1.6091
тупой	валенок	13	5	1	0.03	attraction	0.0754	0.1954	1.6037
тупой	топор	13	5	1	0.03	attraction	0.0754	0.1954	1.6037
тупой	стол	13	5	1	0.03	attraction	0.0754	0.1954	1.6037
счастливый	младенец	11	6	1	0.03	attraction	0.089	0.1628	1.5973
древний	мамонт	33	2	1	0.03	attraction	0.0299	0.4876	1.5958
прямой	столб	33	2	1	0.03	attraction	0.0299	0.4876	1.5958
легкий	дуновение	35	2	1	0.03	attraction	0.0282	0.4868	1.5704
легкий	пепел	35	2	1	0.03	attraction	0.0282	0.4868	1.5704
тонкий	шелк	26	26	2	0.26	attraction	0.0675	0.0675	1.5647
пьяный	медведь	9	8	1	0.03	attraction	0.1084	0.1219	1.56
худой	тростинка	12	6	1	0.03	attraction	0.0814	0.1624	1.5599
живой	ртуть	18	4	1	0.03	attraction	0.0544	0.2434	1.5596
быстрый	ягуар	24	3	1	0.03	attraction	0.0409	0.3244	1.5592
твердый	базальт	74	1	1	0.03	attraction	0.0135	0.9718	1.5434
твердый	скала гибралтара 	74	1	1	0.03	attraction	0.0135	0.9718	1.5434
многогранный	жизнь	3	25	1	0.03	attraction	0.324	0.0392	1.5416
узкий	бритва	3	25	1	0.03	attraction	0.324	0.0392	1.5416
здоровый	пионер	38	2	1	0.03	attraction	0.0259	0.4857	1.5349
здоровый	огурец	38	2	1	0.03	attraction	0.0259	0.4857	1.5349
здоровый	сволочь	38	2	1	0.03	attraction	0.0259	0.4857	1.5349
тупой	дерево	13	6	1	0.03	attraction	0.075	0.162	1.5256
нужный	хлеб и вода	79	1	1	0.03	attraction	0.0127	0.9698	1.515
огромный	медведь	10	8	1	0.03	attraction	0.0973	0.1215	1.5148
страшный	огонь	10	8	1	0.03	attraction	0.0973	0.1215	1.5148
сухой	жердь	10	8	1	0.03	attraction	0.0973	0.1215	1.5148
острый	ад	41	2	1	0.03	attraction	0.024	0.4845	1.5022
прочный	дерево	14	6	1	0.03	attraction	0.0695	0.1616	1.4938
прекрасный	богиня	21	4	1	0.03	attraction	0.0464	0.2423	1.4934
прекрасный	ангел	21	4	1	0.03	attraction	0.0464	0.2423	1.4934
скользкий	лед	2	42	1	0.03	attraction	0.4841	0.0234	1.4918
необходимый	воздух вода и свет	84	1	1	0.03	attraction	0.0119	0.9679	1.4883
необходимый	глоток свежего воздуха	84	1	1	0.03	attraction	0.0119	0.9679	1.4883
добрый	смерть	2	46	1	0.04	attraction	0.4826	0.0213	1.4526
холодный	дождь	46	2	1	0.04	attraction	0.0213	0.4826	1.4526
гладкий	бархат	32	3	1	0.04	attraction	0.0305	0.3213	1.4356
прозрачный	дуновение	48	2	1	0.04	attraction	0.0204	0.4818	1.4343
прочный	дуб	14	7	1	0.04	attraction	0.0691	0.1378	1.428
твердый	доска	74	11	2	0.31	attraction	0.0234	0.1539	1.4248
бесконечный	жизнь	4	25	1	0.04	attraction	0.2407	0.0388	1.4187
белый	порох	99	1	1	0.04	attraction	0.0101	0.9621	1.417
белый	привидение	99	1	1	0.04	attraction	0.0101	0.9621	1.417
белый	пудра	99	1	1	0.04	attraction	0.0101	0.9621	1.417
белый	нефрит	99	1	1	0.04	attraction	0.0101	0.9621	1.417
белый	кролик	99	1	1	0.04	attraction	0.0101	0.9621	1.417
крепкий	скала	29	29	2	0.33	attraction	0.0584	0.0584	1.3883
черный	пистолет	106	1	1	0.04	attraction	0.0094	0.9594	1.3873
черный	подрясник	106	1	1	0.04	attraction	0.0094	0.9594	1.3873
черный	мать	106	1	1	0.04	attraction	0.0094	0.9594	1.3873
черный	мрак	106	1	1	0.04	attraction	0.0094	0.9594	1.3873
черный	ворон	106	1	1	0.04	attraction	0.0094	0.9594	1.3873
черный	цвет	106	1	1	0.04	attraction	0.0094	0.9594	1.3873
нежный	дыхание	12	9	1	0.04	attraction	0.0802	0.1068	1.3866
худой	палка	12	9	1	0.04	attraction	0.0802	0.1068	1.3866
кристальный	слеза	2	54	1	0.04	attraction	0.4795	0.0181	1.3837
горячий	солнце	10	11	1	0.04	attraction	0.0961	0.0874	1.3788
яркий	огонь	14	8	1	0.04	attraction	0.0687	0.12	1.3711
здоровый	трактор	38	3	1	0.04	attraction	0.0255	0.319	1.362
простой	жвачка	57	2	1	0.04	attraction	0.0171	0.4783	1.3605
простой	кувалда	57	2	1	0.04	attraction	0.0171	0.4783	1.3605
простой	сноуборд	57	2	1	0.04	attraction	0.0171	0.4783	1.3605
крепкий	вино	29	4	1	0.04	attraction	0.0333	0.2392	1.3552
сильный	лошадь	29	4	1	0.04	attraction	0.0333	0.2392	1.3552
пушистый	снег	2	59	1	0.05	attraction	0.4776	0.0166	1.3456
тощий	пух	7	17	1	0.05	attraction	0.1367	0.0565	1.3451
нежный	пушинка	12	10	1	0.05	attraction	0.0798	0.0957	1.3418
темный	вода	6	20	1	0.05	attraction	0.1593	0.0481	1.3414
чистый	любовь	61	2	1	0.05	attraction	0.016	0.4768	1.3313
чистый	мечта	61	2	1	0.05	attraction	0.016	0.4768	1.3313
упрямый	танк	10	13	1	0.05	attraction	0.0953	0.0734	1.3077
прямой	солома	33	4	1	0.05	attraction	0.0291	0.2376	1.3001
красный	вино	34	4	1	0.05	attraction	0.0282	0.2372	1.2874
темный	ночь	6	23	1	0.05	attraction	0.1581	0.0415	1.282
бледный	простыня	46	3	1	0.05	attraction	0.021	0.3159	1.2803
быстрый	мышь	24	6	1	0.06	attraction	0.0397	0.1578	1.2639
твердый	гранит	74	2	1	0.06	attraction	0.0131	0.4717	1.2485
нужный	дождь	79	2	1	0.06	attraction	0.0123	0.4698	1.2206
нужный	воздух и вода	79	2	1	0.06	attraction	0.0123	0.4698	1.2206
широкий	мир	3	391	2	0.45	attraction	0.5161	0.0047	1.2107
красивый	солнце	15	11	1	0.06	attraction	0.0628	0.0855	1.2069
быстрый	свет	24	7	1	0.06	attraction	0.0393	0.1339	1.1989
злой	лев	28	6	1	0.06	attraction	0.0338	0.1562	1.1987
натуральный	воздух	1	164	1	0.06	attraction	0.9369	0.0061	1.1978
незаменимый	воздух	1	164	1	0.06	attraction	0.9369	0.0061	1.1978
невидимый	воздух	1	164	1	0.06	attraction	0.9369	0.0061	1.1978
реальный	воздух	1	164	1	0.06	attraction	0.9369	0.0061	1.1978
необходимый	воздух и вода	84	2	1	0.06	attraction	0.0115	0.4679	1.1943
сухой	пух	10	17	1	0.07	attraction	0.0938	0.0553	1.1943
довольный	паравоз	166	1	1	0.06	attraction	0.006	0.9362	1.1925
довольный	поросенок	166	1	1	0.06	attraction	0.006	0.9362	1.1925
довольный	слон в тазике	166	1	1	0.06	attraction	0.006	0.9362	1.1925
довольный	слоник	166	1	1	0.06	attraction	0.006	0.9362	1.1925
простой	апельсин	57	3	1	0.07	attraction	0.0168	0.3117	1.1891
простой	автомат калашникова	57	3	1	0.07	attraction	0.0168	0.3117	1.1891
простой	трактор	57	3	1	0.07	attraction	0.0168	0.3117	1.1891
крепкий	дерево	29	6	1	0.07	attraction	0.0325	0.1558	1.1838
крепкий	гора	29	6	1	0.07	attraction	0.0325	0.1558	1.1838
крепкий	кремень	29	6	1	0.07	attraction	0.0325	0.1558	1.1838
сильный	океан	29	6	1	0.07	attraction	0.0325	0.1558	1.1838
довoльный	слон	1	172	1	0.07	attraction	0.9338	0.0058	1.1771
благодушный	слон	1	172	1	0.07	attraction	0.9338	0.0058	1.1771
нежный	перышко	12	15	1	0.07	attraction	0.0779	0.0624	1.1703
прочный	сталь	14	13	1	0.07	attraction	0.0668	0.0719	1.1656
бледный	воск	46	4	1	0.07	attraction	0.0206	0.2326	1.1592
белый	стена	99	2	1	0.08	attraction	0.0097	0.4621	1.1243
голодный	черт	9	23	1	0.08	attraction	0.1026	0.0404	1.1114
тяжелый	черт	9	23	1	0.08	attraction	0.1026	0.0404	1.1114
свободный	пушинка	21	10	1	0.08	attraction	0.0441	0.0922	1.1055
сухой	стеклышко	10	21	1	0.08	attraction	0.0922	0.0441	1.1055
голубой	лед	5	42	1	0.08	attraction	0.1841	0.0222	1.1042
черный	деготь	106	2	1	0.08	attraction	0.009	0.4594	1.0952
черный	ад	106	2	1	0.08	attraction	0.009	0.4594	1.0952
черный	жук	106	2	1	0.08	attraction	0.009	0.4594	1.0952
черный	сволочь	106	2	1	0.08	attraction	0.009	0.4594	1.0952
твердый	деревяшка	74	3	1	0.09	attraction	0.0127	0.3051	1.0786
твердый	орех	74	3	1	0.09	attraction	0.0127	0.3051	1.0786
здоровый	огурчик	38	6	1	0.09	attraction	0.0244	0.1523	1.0702
простой	вселенная	57	4	1	0.09	attraction	0.0164	0.2283	1.0688
холодный	лезвие	46	5	1	0.09	attraction	0.0202	0.1826	1.066
рад	ребенок	11	21	1	0.09	attraction	0.0831	0.0437	1.0658
чистый	ребенок	61	21	2	0.5	attraction	0.0253	0.0722	1.064
сильный	железо	29	8	1	0.09	attraction	0.0317	0.1141	1.0636
сильный	медведь	29	8	1	0.09	attraction	0.0317	0.1141	1.0636
старый	человечество	346	4	2	0.54	attraction	0.0049	0.3668	1.0503
чистый	ангел	61	4	1	0.09	attraction	0.0152	0.2268	1.0404
нежный	ребенок	12	21	1	0.1	attraction	0.0756	0.0433	1.0296
злой	волк	28	9	1	0.1	attraction	0.0326	0.1006	1.0293
мягкий	бумага	32	8	1	0.1	attraction	0.0285	0.113	1.0226
свежий	слеза	5	54	1	0.1	attraction	0.1795	0.0169	0.9991
простой	автомат калашникова 	57	5	1	0.11	attraction	0.016	0.1783	0.9766
мягкий	сахар	32	9	1	0.11	attraction	0.0281	0.0991	0.974
твердый	кость	74	4	1	0.11	attraction	0.0123	0.2217	0.9598
упрямый	бык	10	30	1	0.12	attraction	0.0887	0.0298	0.9574
чистый	хрусталь	61	5	1	0.12	attraction	0.0148	0.1768	0.9485
сильный	бог	29	11	1	0.12	attraction	0.0306	0.08	0.9323
пустой	смерть	7	46	1	0.12	attraction	0.1254	0.0194	0.9274
острый	огонь	41	8	1	0.13	attraction	0.0216	0.1095	0.9202
довольный	жук	166	2	1	0.13	attraction	0.0056	0.4361	0.9056
довольный	мамонт	166	2	1	0.13	attraction	0.0056	0.4361	0.9056
яркий	жизнь	14	25	1	0.14	attraction	0.0621	0.0349	0.8946
неповоротливый	слон	2	172	1	0.13	attraction	0.4338	0.0054	0.8907
темный	смоль	6	61	1	0.14	attraction	0.1434	0.0144	0.8743
старый	древность	346	1	1	0.13	attraction	0.0029	0.8665	0.8736
старый	брак	346	1	1	0.13	attraction	0.0029	0.8665	0.8736
бледный	бумага	46	8	1	0.14	attraction	0.019	0.1075	0.8731
холодный	железо	46	8	1	0.14	attraction	0.019	0.1075	0.8731
необходимый	вода	84	20	2	0.65	attraction	0.0166	0.068	0.8666
белый	ангел	99	4	1	0.15	attraction	0.0089	0.212	0.8397
свободный	вода	21	20	1	0.16	attraction	0.0402	0.0422	0.8211
тяжелый	камень	9	48	1	0.17	attraction	0.0929	0.0177	0.8086
твердый	гора	74	6	1	0.17	attraction	0.0115	0.1384	0.7958
сухой	камень	10	48	1	0.19	attraction	0.0818	0.0173	0.7667
тихий	воздух	3	164	1	0.19	attraction	0.2702	0.0053	0.7483
простой	дыхание	57	9	1	0.2	attraction	0.0144	0.0894	0.7399
прозрачный	лед	48	42	2	0.78	attraction	0.0259	0.0295	0.7389
спокойный	вода	26	20	1	0.2	attraction	0.031	0.0403	0.7361
прекрасный	жизнь	21	25	1	0.2	attraction	0.0383	0.0322	0.7324
могучий	слон	3	172	1	0.2	attraction	0.2671	0.005	0.729
острый	сталь	41	13	1	0.21	attraction	0.0197	0.0614	0.7259
чистый	алмаз	61	9	1	0.21	attraction	0.0132	0.0878	0.7131
простой	пробка	57	10	1	0.22	attraction	0.014	0.0783	0.6987
твердый	железо	74	8	1	0.23	attraction	0.0107	0.0967	0.6829
холодный	сталь	46	13	1	0.23	attraction	0.017	0.0594	0.6808
вечный	камень	13	48	1	0.24	attraction	0.0587	0.0161	0.6643
чистый	зеркало	61	11	1	0.26	attraction	0.0124	0.0676	0.6358
простой	мир	57	391	11	8.62	attraction	0.0427	0.0072	0.6302
легкий	ветер	35	20	1	0.27	attraction	0.0211	0.0367	0.621
спокойный	слон	26	172	3	1.73	attraction	0.0494	0.0079	0.6065
старый	сноуборд	346	2	1	0.27	attraction	0.0024	0.3665	0.6025
белый	смерть	99	46	3	1.76	attraction	0.013	0.0274	0.5901
здоровый	вода	38	20	1	0.29	attraction	0.0189	0.0356	0.5899
белый	бумага	99	8	1	0.31	attraction	0.0073	0.087	0.571
крепкий	бык	29	30	1	0.34	attraction	0.0231	0.0224	0.54
острый	стрела	41	22	1	0.35	attraction	0.0161	0.0299	0.5266
гладкий	скала	32	29	1	0.36	attraction	0.0203	0.0224	0.5165
довольный	кот	166	6	1	0.39	attraction	0.004	0.1027	0.4833
довольный	свинья	166	6	1	0.39	attraction	0.004	0.1027	0.4833
простой	стеклышко	57	21	1	0.46	attraction	0.0096	0.0258	0.426
чистый	вода	61	20	1	0.47	attraction	0.0089	0.0266	0.4194
крепкий	смерть	29	46	1	0.52	attraction	0.0169	0.0107	0.3899
гладкий	лед	32	42	1	0.52	attraction	0.0152	0.0116	0.3875
простой	жизнь	57	25	1	0.55	attraction	0.0081	0.0181	0.3678
нужный	ветер	79	20	1	0.61	attraction	0.0051	0.0196	0.3339
бесконечный	мир	4	391	1	0.6	attraction	0.099	0.0012	0.3177
острый	лед	41	42	1	0.67	attraction	0.0083	0.0081	0.3083
чистый	стекло	61	29	1	0.68	attraction	0.0053	0.011	0.2998
мягкий	снег	32	59	1	0.73	attraction	0.0085	0.0047	0.2804
нужный	жизнь	79	25	1	0.76	attraction	0.0031	0.0095	0.2666
холодный	смерть	46	46	1	0.82	attraction	0.004	0.004	0.2478
холодный	камень	46	48	1	0.85	attraction	0.0032	0.0031	0.2359
черный	черт	106	23	1	0.94	attraction	0.0006	0.0025	0.2078
чистый	воздух	61	164	1	3.87	repulsion	-0.0482	-0.0187	1.0379
старый	жизнь	346	25	1	3.34	repulsion	-0.0078	-0.0947	0.8768
здоровый	слон	38	172	1	2.53	repulsion	-0.0408	-0.0095	0.5704
сильный	слон	29	172	1	1.93	repulsion	-0.0324	-0.0058	0.3817
довольный	ребенок	166	21	1	1.35	repulsion	-0.0022	-0.0167	0.2179
легкий	воздух	35	164	2	2.22	repulsion	-0.0064	-0.0014	0.2109
холодный	снег	46	59	1	1.05	repulsion	-0.0011	-0.0009	0.1443
